Model,R2_Score,Accuracy
rf,0.9103096763655356,99.51371297909358
gb,0.9005227946055292,99.48786828565646
xgb,0.45813208902118807,98.80472840360751
mlp,0.9553443338504717,99.65687041189956
et,0.8112986216281999,99.29464553634327
stacked,0.9786897677673096,99.76296418324429
