feature,importance
building_volume,0.318149336524163
building_density,0.2909882614892176
building_solar_exposure,0.09895068284828232
building_coverage,0.09789053157222938
lst,0.08646878586522172
s2_features,0.0695578327812586
temp_min,0.004475067190354992
wind_direction_mean,0.004269204275053077
temp_mean,0.003466893195813134
temp_humidity_range,0.0022388098351070833
