feature,importance
lst,0.9722941584315395
temp_mean,0.004589907902852754
temp_max,0.00453399548473202
temp_min,0.004140133505314102
humidity_mean,0.004083608988724486
humidity_min,0.003983854290726312
temp_std,0.0034077273525780108
humidity_max,0.0029666140435327623
