Model,R2_Score
rf,0.9080633624499789
gb,0.9599279203821472
xgb,0.02281674146451751
svr,0.5326429737601026
ada,0.2917786669919852
mlp,-1032.2816231182467
